year,category,count
2006,Asian,58225
2006,Black,146229
2006,Hispanic,177382
2006,White,62077
2007,Asian,59063
2007,Black,139782
2007,Hispanic,173809
2007,White,60477
2008,Asian,59928
2008,Black,133000
2008,Hispanic,169957
2008,White,59804
2009,Asian,62044
2009,Black,129372
2009,Hispanic,169048
2009,White,60485
2010,Asian,65093
2010,Black,126492
2010,Hispanic,170011
2010,White,61228
2011,Asian,65047
2011,Black,122835
2011,Hispanic,172043
2011,White,62193
