grade,category,count
3,Asian,62106
3,Black,128062
3,Hispanic,173128
3,White,64555
4,Asian,61940
4,Black,128945
4,Hispanic,171535
4,White,62855
5,Asian,62098
5,Black,129720
5,Hispanic,170984
5,White,61656
6,Asian,60524
6,Black,131698
6,Hispanic,169001
6,White,58925
7,Asian,60864
7,Black,137895
7,Hispanic,172594
7,White,58641
8,Asian,61868
8,Black,141390
8,Hispanic,175008
8,White,59632
